{
  "apiVersion" : "1",
  "swaggerVersion" : "1.1",
  "basePath" : "/",
  "resourcePath" : "/Recursive",
  "apis" : [ {
    "path" : "/Recursive",
    "description" : "",
    "operations" : [ {
      "httpMethod" : "POST",
      "nickname" : "recurse",
      "responseClass" : "Recursive",
      "parameters" : [ {
        "paramType" : "body",
        "name" : "recursive",
        "dataType" : "Recursive",
        "required" : true
      } ]
    } ]
  } ],
  "models" : {
    "Recursive" : {
      "id" : "Recursive",
      "properties" : {
        "recursive" : {
          "type" : "Recursive"
        }
      }
    }
  }
}