{
  "apiVersion" : "1",
  "basePath" : "/apidocs/",
  "apis" : [ {
    "path" : "/greetings_name.{format}",
    "description" : ""
  }, {
    "path" : "/Recursive.{format}",
    "description" : ""
  }, {
    "path" : "/Response.{format}",
    "description" : ""
  }, {
    "path" : "/HttpServletRequest.{format}",
    "description" : ""
  }, {
    "path" : "/ModelResource.{format}",
    "description" : ""
  }, {
    "path" : "/Auth.{format}",
    "description" : ""
  } ],
  "swaggerVersion" : "1.1"
}