{
  "apiVersion" : "1",
  "swaggerVersion" : "1.1",
  "basePath" : "/",
  "resourcePath" : "/ModelResource",
  "apis" : [ {
    "path" : "/ModelResource/new",
    "description" : "",
    "operations" : [ {
      "httpMethod" : "PUT",
      "nickname" : "addModel",
      "responseClass" : "ModelResourceModel",
      "parameters" : [ {
        "paramType" : "body",
        "name" : "model",
        "dataType" : "ModelResourceModel",
        "required" : true
      } ]
    } ]
  }, {
    "path" : "/ModelResource/{modelid}",
    "description" : "",
    "operations" : [ {
      "httpMethod" : "GET",
      "nickname" : "getModel",
      "responseClass" : "ModelResourceModel",
      "parameters" : [ {
        "paramType" : "path",
        "name" : "modelid",
        "dataType" : "long",
        "required" : true
      } ]
    } ]
  } ],
  "models" : {
    "ModelResourceModel" : {
      "id" : "ModelResourceModel",
      "properties" : {
        "modelId" : {
          "type" : "long"
        },
        "title" : {
          "type" : "string"
        },
        "description" : {
          "type" : "string"
        },
        "modified" : {
          "type" : "DateTime"
        }
      }
    }
  }
}